zipCode,projectName,address,xCoord,yCoord,neighborhood,management,contactPhone,totalUnits,singleRoom,studio,oneBedroom,twoBedroom,threeBedroom,fourBedroom
97239,Gray's Landing,0650 SW Lowell St,,,,REACH Community Development Inc.,971-277-7195,42,,,22,20,,,,,,,,,,,,
97227,Madrona Studios,10 N Weidler St,,,,Central City Concern,503-525-8483,176,,176,,,,,,,,,,,,,,
97209,Helen Swindells Apts,10 NW Broadway,,,,Income Property Management,503-228-9474,105,105,,,,,,,,,,,,,,,
97220,Eastgate Station,100 NE 120th Ave,,,,Cascade Management Inc.,503-257-0000,61,,,16,8,29,8,,,,,,,,,,
97217,Bel Park,1001 N Blandena St,,,,Home Forward,503-280-3750,10,,2,8,,,,,,,,,,,,,
97203,North Oswego House,10036 N Oswego Ave,,,,NARA NW,503-224-1044,5,5,,,,,,,,,,,,,,,
97227,Dawson Park Apts,101 N Morris St,,,,Income Property Management,503-287-4742,67,,,59,8,,,,,,,,,,,,
97212,King Dishman Court,101 NE Knott,,,,Cascade Management Inc.,503-287-2162,14,,,4,6,4,,,,,,,,,,,
97205,Chaucer Court,1019 SW 10th Ave,,,,Manor Management,503-224-3559,83,,29,54,,,,,,,,,,,,,
97209,Station Place Tower,1020 NW 9th Ave,,,,REACH Community Development Inc.,503-546-4646,176,,36,125,15,,,,,,,,,,,,
97205,St Francis Apts,1024 SW Main St,,,,Cascade Management Inc.,503-223-2161,132,,106,16,10,,,,,,,,,,,,
97216,Floyd Light Apts,1031 SE 106th Ave,,,,REACH Community Development Inc.,503-688-5378,50,,,27,23,,,,,,,,,,,,
97266,Lents Village,10325 SE Holgate Blvd,,,,Cascade Management Inc.,503-762-0570,63,,,52,11,,,,,,,,,,,,
97209,Lovejoy Station,1040 NW 10th Ave,,,,Income Property Management,503-220-2500,181,,76,66,39,,,,,,,,,,,,
97216,Cascade Crossing,10535 E Burnside St,,,,Human Solutions,844-210-6442,74,,,16,32,26,,,,,,,,,,,
97220,Plaza de Cedro,10801 NE Fremont St,,,,Cascade Management Inc.,503-335-9603,6,,,,,4,2,,,,,,,,,,
97216,Park Vista,10918 SE Stark St,,,,Human Solutions,844-277-5320,59,,7,17,8,17,10,,,,,,,,,,
97201,Hill Park Apts.,110 SW Arthur,,,,Central City Concern,503-525-8483,39,,14,25,,,,,,,,,,,,,
97211,Moles Rentals,1103 NE Roselawn St,,,,Marvin & Doreen Mole,619-462-8676,7,,,,,7,,,,,,,,,,,
97230,Lone Pine Apts,111 NE 162nd Ave,,,,Cascadia Behavioral Healthcare,503-674-7777,17,,,,,,,,,,,,,,,,
97209,Sitka Apts,1115 NW Northrup St,,,,Pinnacle Realty Management,503-306-3400,209,,60,102,47,,,,,,,,,,,,
97209,Martha Washington,1115 SW 11th Ave,,,,Central City Concern,503-525-8483,108,,90,18,,,,,,,,,,,,,
97205,Fairfield Apts,1117 SW Stark St,,,,Income Property Management,503-224-8036,81,,81,,,,,,,,,,,,,,
97266,Powellhurst Woods,11200 SE Holgate Blvd,,,,Home Forward,503-280-3750,34,,,,23,11,,,,,,,,,,,
97219,Ashcreek Commons,11230 SW 62nd Ave,,,,Cascade Management Inc.,503-244-1707,21,,,,,17,4,,,,,,,,,,
97205,Lexington Apts,1125 SW 12th Ave,,,,Harsch Investment Corp.,503-227-3367,54,,53,1,,,,,,,,,,,,,
97205,Outside In,1132 SW 13th Ave,,,,Outside In,503-535-3800,10,10,,,,,,,,,,,,,,,
97220,Sandy Apts,11401 NE Sandy Blvd,,,,Luke-Dorf Inc.,503-726-3690,14,,,,,,,,,,,,,,,,
97233,The Snowberry,117 SE 151st Ave,,,,PHC Northwest,503-261-1266,27,,,13,14,,,,,,,,,,,,
97214,St Francis Park,1177 SE Stark,,,,Cascade Management Inc.,503-704-2360,106,,77,28,1,,,,,,,,,,,,
97205,Jeffrey Apts,1201 SW 11th Ave,,,,Income Property Management,503-954-2228,80,,50,30,,,,,,,,,,,,,
97266,Holgate Project,12012 SE Holgate Blvd,,,,Cascade Management Inc.,503-253-6351,10,,,10,,,,,,,,,,,,,
97216,Ankeny Woods,12016 SE Ankeny St,,,,Human Solutions,844-233-3197,42,,,,,,,,,,,,,,,,
97266,Gladstone Square,12020 SE Gladstone St,,,,Quantum Residential,503-760-3010,48,,,,36,12,,,,,,,,,,,
97216,Pine Point Apts,12025 SE Pine St,,,,Cascade Management Inc.,971-270-6949,24,,10,12,2,,,,,,,,,,,,
97216,Ash Street Courtyard,12026 SE Ash St,,,,Cascade Management Inc.,503-252-5041,47,,,23,24,,,,,,,,,,,,
97201,Hamilton West Apts,1212 SW Clay St,,,,Cascade Management Inc.,503-525-0500,152,,129,23,,,,,,,,,,,,,
97205,Rosenbaum Plaza,1218 SW Washington St,,,,Quantum Residential,503-228-5355,76,76,,,,,,,,,,,,,,,
97205,1200 Building,1220 SW 12th Ave,,,,Harsch Investment Corp.,503-248-0260,89,,,89,,,,,,,,,,,,,
97214,Ritzdorf Court,1225 SE Belmont St,,,,REACH Community Development Inc.,503-233-8985,85,,82,3,,,,,,,,,,,,,
97209,Shoreline Building,123 W Burnside St,,,,Central City Concern,503-525-8483,62,,62,,,,,,,,,,,,,,
97214,Rex Arms,1230 SE Morrison St,,,,REACH Community Development Inc.,503-238-2915,62,,21,41,,,,,,,,,,,,,
97230,Rockwood Building,124 NE 181st Ave,,,,Human Solutions,844-230-1495,47,,16,16,15,,,,,,,,,,,,
97201,Gretchen Kafoury Commons,1240 SW Columbia St,,,,Cascade Management Inc.,503-226-0600,129,,87,37,5,,,,,,,,,,,,
97230,Halsey Terrace,12428 NE Halsey,,,,Portland Habitation Center,503-261-1266,15,,,,,,,,,,,,,,,,
97236,Powell Court Villa,12540 SE Powell Ct,,,,Affinity Property Management,503-761-6068,68,,,,46,22,,,,,,,,,,,
97236,Floresta,12608 SE Foster Rd,,,,Home Forward,503-280-3750,20,,,,8,12,,,,,,,,,,,
97233,Hazel Heights,12621 SE Stark,,,,Central City Concern,503-525-8483,153,,,,,,,,,,,,,,,,
97239,Hopewell Apts,1264 SW Cheltenhem St,,,,Cascadia Behavioral Healthcare,503-244-6157,12,,,8,4,,,,,,,,,,,,
97209,Macdonald West,127 NW 6th Ave,,,,Income Property Management,503-568-6550,42,,42,,,,,,,,,,,,,,
97236,Peyton Plaza,12713 SE Powell Blvd,,,,ColumbiaCare Services Inc.,541-858-8170,22,,,8,14,,,,,,,,,,,,
97236,Hunter's Run,12725 SE Powell Blvd,,,,Home Forward,503-280-3750,10,,,,,10,,,,,,,,,,,
97211,Cedar Place,130 NE Lombard St,,,,PCRI,503-288-2923,5,,,,5,,,,,,,,,,,,
97232,Miracles Central Apts,1306 NE 2nd Ave,,,,Central City Concern,503-525-8483,47,,21,22,4,,,,,,,,,,,,
97236,Park 132 Apartments,13130 SE Powell Blvd,,,,PHC Northwest,503-760-7359,19,,,,19,,,,,,,,,,,,
97201,St James Apts,1320 SW 10th Ave,,,,GSL Properties,503-226-4778,109,,41,46,22,,,,,,,,,,,,
97236,Scott Crest Plaza Apts,13223 SE Powell Blvd,,,,PHC Northwest,503-760-7359,42,,,4,32,6,,,,,,,,,,,
97214,Taylor Street Apts,1330 SE Taylor St,,,,REACH Community Development Inc.,503-760-0907,10,,,4,6,,,,,,,,,,,,
97236,Powell Plaza,13320 SE Powell Blvd,,,,Heartland Realty,503-761-7650,67,,24,43,,,,,,,,,,,,,
97233,Market Street Home,13541 SE Market St,,,,Cascadia Behavioral Healthcare,503-963-7797,5,5,,,,,,,,,,,,,,,
97236,Carolyn Gardens,13907 SE Division St,,,,Human Solutions,844-233-3197,12,,,,,4,8,,,,,,,,,,
97233,The Pines,140 SE 188th Ave,,,,Human Solutions,503-666-5310,66,,,4,50,12,,,,,,,,,,,
97233,Irish Moss,14050 E Burnside St.,,,,PHC Northwest,503-261-1266,27,,,,,27,,,,,,,,,,,
97236,Cygnet,14135 SE Division St,,,,Human Solutions,503-548-0200,20,,,2,5,8,5,,,,,,,,,,
97214,Hawthorne East,1420 SE 16th Ave,,,,Cascade Management Inc.,503-230-0306,71,,,71,,,,,,,,,,,,,
97233,Fern Grove Apts,14232 E Burnside,,,,PHC Northwest,503-261-1266 x170,33,,,,,33,,,,,,,,,,,
97201,Imperial Arms Apts,1429 SW 14th Ave,,,,Circum Pacific Properties,503-223-8005,58,,28,20,10,,,,,,,,,,,,
97201,Rose Schnitzer Tower,1430 SW 12th Ave,,,,Harsch Investment Properties,503-222-7467,233,,,,,,,,,,,,,,,,
97205,Bronaugh Apts,1434 SW Morrison St,,,,REACH Community Development Inc.,503-227-0754,50,,11,39,,,,,,,,,,,,,
97214,Clark Center Annex,1437 SE Martin Luther King Jr Blvd,,,,Transitions Project,503-280-4700,22,,,,,,,,,,,,,,,,
97211,Otesha Place,1484 NE Alberta St,,,,Sabin Community Development Corp.,503-287-3496,11,,,,11,,,,,,,,,,,,
97236,Burlwood Apts,14992 SE Division St,,,,Income Property Management,503-760-3830,35,,,8,18,9,,,,,,,,,,,
97201,James Hawthorne,1510 SW 13th Ave,,,,Home Forward,503.280.3750,48,48,,,,,,,,,,,,,,,
97217,Ainsworth Court,1515 N Ainsworth St,,,,Income Property Management,503-286-9770,88,,,64,24,,,,,,,,,,,,
97201,12th Avenue Terrace,1515 SW 12th Ave,,,,REACH Community Development Inc.,503-226-9181,119,,118,1,,,,,,,,,,,,,
97230,Village Gardens,15230 NE Sandy Blvd,,,,Bowen Property Management,503-253-2273,59,,6,18,31,4,,,,,,,,,,,
97232,Weidler Commons,1529 NE 21st Ave,,,,Cascade Management Inc.,503-281-9298,51,,3,47,1,,,,,,,,,,,,
97201,Peter Paulson Apts,1530 SW 13th Ave,,,,Cascade Management Inc.,503-294-2091,93,92,,1,,,,,,,,,,,,,
97209,Ramona Apts,1550 NW 14th Ave,,,,Pinnacle Realty Management,503-688-6008,139,,,9,60,70,,,,,,,,,,,
97236,La Tourelle Apts,15514 SE Division St,,,,La Tourelle Village/Concord Village,503-761-8249,75,,,,58,17,,,,,,,,,,,
97233,Caritas Villa,16060 E Burnside St,,,,Cascade Management Inc.,503-257-8947,30,,3,24,3,,,,,,,,,,,,
97209,Abigail Apts,1650 NW 13th Ave,,,,Guardian Real Estate Services,503-224-0789,155,,35,33,51,36,,,,,,,,,,,
97211,Maggie Gibson Plaza,1700 NE Alberta St,,,,PCRI,503-288-2923,9,,,,5,4,,,,,,,,,,,
97202,Sellwood Center,1724 SE Tenino St,,,,Home Forward,503-280-3940,110,,106,4,,,,,,,,,,,,,
97201,Collins Circle,1730 SW Jefferson St,,,,Guardian Real Estate Services,503-525-2324,52,,24,24,4,,,,,,,,,,,,
97233,East County Project,17527 SE Pine St,,,,Cascade Management Inc.,503-256-0845,7,,,3,4,,,,,,,,,,,,
97233,Mayfield Court,17675 SE Pine St,,,,Cascade Management Inc.,503-252-9716,30,,,26,4,,,,,,,,,,,,
97233,Madrona Place,17810 E Burnside St,,,,Home Forward,503-280-3750,45,,,3,19,23,,,,,,,,,,,
97230,Rosewood Plaza,18173 NE Couch St,,,,Human Solutions,844-232-1495,45,,,,,,,,,,,,,,,,
97233,Eastwood Court,18208 SE Yamhill St,,,,Home Forward,503-280-3750,31,,,,19,12,,,,,,,,,,,
97219,Vermont Springs,1825 SW Vermont St,,,,Cascadia Behavioral Healthcare,503-232-6971,14,,,14,,,,,,,,,,,,,
97212,Grace Peck Terrace,1839 NE 14th Ave,,,,Quantum Residential,503-281-7094,95,,,95,,,,,,,,,,,,,
97232,Silvercrest Residence,1865 NE Davis St,,,,Quantum Residential,503-236-2320,76,,,75,1,,,,,,,,,,,,
97230,Halsey Street Project,18940 NE Halsey St,,,,Eastco Diversified Services Inc.,503-666-1016,6,,5,1,,,,,,,,,,,,,
97233,Rockwood Landing,19045 SE Yamhill,,,,Home Forward,503-661-3327,37,,,,12,17,8,,,,,,,,,,
97214,Chateau Apts,1910 SE Stark St,,,,Home Forward,503-280-3750,10,,,,10,,,,,,,,,,,,
97233,Fir Acres,19401 SE Yamhill St,,,,Home Forward,503-280-3750,31,,,,18,13,,,,,,,,,,,
97205,The Morrison,1959 SW Morrison St,,,,Income Property Management,503-241-6489,140,,45,74,21,,,,,,,,,,,,
97209,Medallion Apts,1969 NW Johnson St,,,,Home Forward,503-280-3750,90,,,88,2,,,,,,,,,,,,
97233,El Moro Apts,2016 SE 122nd Ave,,,,Kathy McIrvin,503-252-3095,17,,,16,1,,,,,,,,,,,,
97209,Marshall Union Manor,2020 NW Northrup St,,,,Manor Management,503-225-0677,243,,154,88,1,,,,,,,,,,,,
97202,Marion Street Apts,2020 SE Marion St,,,,REACH Community Development Inc.,971-277-1296,24,,,16,8,,,,,,,,,,,,
97212,The Bookmark,2034 NE 40th Ave,,,,Guardian Real Estate Services,503-335-8400,48,,1,36,11,,,,,,,,,,,,
97205,Ankeny Square,204 SW 8th Ave,,,,Central City Concern,503-525-8483,106,106,,,,,,,,,,,,,,,
97209,Williams Plaza,2041 NW Everett St,,,,Home Forward,503-280-3750,101,,67,34,,,,,,,,,,,,,
97209,Modern Rich Apts,205 NW Couch St,,,,Income Property Management,503-705-2682,34,,33,1,,,,,,,,,,,,,
97202,Powell Blvd. Apts,2105 SE Powell Blvd,,,,REACH Community Development Inc.,503-231-3055,19,,3,14,2,,,,,,,,,,,,
97210,Gallagher Plaza,2140 NW Kearney St,,,,Home Forward,503-280-3820,85,,,85,,,,,,,,,,,,,
97209,Musolf Manor,216 NW 3rd Ave,,,,Income Property Management,503-223-1547,95,,95,,,,,,,,,,,,,,
97210,Camar Apts,2164 NW Lovejoy St,,,,Northwest Housing Alternatives,503-654-1007,12,,,12,,,,,,,,,,,,,
97230,Mi Casa,217 NE 192nd Ave,,,,Cascadia Behavioral Healthcare,503-232-6971,5,5,,,,,,,,,,,,,,,
97216,Pioneer Abodes,220 SE 106th Ave,,,,PHC Northwest,503-261-1266,10,,,6,4,,,,,,,,,,,,
97212,Allen Fremont Plaza,221 NE Fremont St,,,,REACH Community Development Inc.,503-282-8668,64,,,64,,,,,,,,,,,,,
97212,Fremont Manor,221 NE Fremont St,,,,Norris & Stevens Inc.,503-287-3704,28,,,18,9,1,,,,,,,,,,,
97204,WestShore Apts,222 SW Pine St,,,,REACH Community Development Inc.,503-827-7918,113,,105,8,,,,,,,,,,,,,
97209,Estate Building,225 NW Couch St,,,,Central City Concern,503-525-8483,191,,191,,,,,,,,,,,,,,
97210,Victorian Apts,2255 W Burnside St,,,,Guardian Real Estate Services,503-294-0960,62,,40,22,,,,,,,,,,,,,
97214,Harmony House,2270 SE 39th Ave,,,,Cascadia Behavioral Healthcare,503-232-6971,5,5,,,,,,,,,,,,,,,
97060,Cherry Ridge Apts,2295 SW Sturges Ln,,,,GSL Properties,503-618-0186,160,,,80,80,,,,,,,,,,,,
97232,Holladay Court,2310 NE Weidler St,,,,KBC Management,503-810-9473,28,,12,16,,,,,,,,,,,,,
97227,Barbara Maher,2322 N Williams Ave,,,,Guardian Real Estate Services,503-823-4935,33,,33,,,,,,,,,,,,,,
97233,Lincoln Woods,2333 SE 130th Ave,,,,Human Solutions,844-218-8956,70,,,18,8,29,15,,,,,,,,,,
97217,McCuller Crossing,236 N Killingsworth St,,,,REACH Community Development Inc.,503-286-0265,36,,,6,26,4,,,,,,,,,,,
97210,Glisan Street Project,2375 NW Glisan,,,,Cascadia Behavioral Healthcare,503-963-7797,5,5,,,,,,,,,,,,,,,
97233,Burnside Station Apts,240 SE 160th Ave,,,,Quad Inc.,503-287-4260,21,,,15,5,1,,,,,,,,,,,
97233,Green Tree Court,2405 SE 142nd Ave,,,,Human Solutions,844-218-8956,11,,,,11,,,,,,,,,,,,
97202,Tenino Terrace,2405 SE Umatilla St,,,,Heartland Realty,503-234-6785,94,,,23,71,,,,,,,,,,,,
97233,Lincoln Park,2409 SE 139th Ave,,,,ColumbiaCare Services Inc.,541-858-8170,4,,,,,,,,,,,,,,,,
97212,Eliot Square,2417 NE Rodney Ave,,,,Home Forward,503-280-3750,30,,,,11,15,4,,,,,,,,,,
97201,Village at Lovejoy Fountain,245 SW Lincoln St,,,,VLF Properties,503-223-5314,198,,45,109,44,,,,,,,,,,,,
97233,Sequoia Square Apts,247 SE 160th Ave,,,,Cascade Management Inc.,503-408-8886,62,,10,,38,10,4,,,,,,,,,,
97230,Blackburn Center,25 NE 122nd Ave,,,,Central City Concern,503-525-8483,124,,,,,,,,,,,,,,,,
97227,Unthank Plaza Apts,2500 N Williams Ave,,,,Quantum Residential,503-287-1258,80,,,80,,,,,,,,,,,,,
97214,Dresden Apts,2545 E Burnside,,,,REACH Community Development Inc.,503-235-3778,30,,11,16,3,,,,,,,,,,,,
97227,Myers Court,2600 N Williams Ave,,,,Quad Inc.,503-287-4260,19,,19,,,,,,,,,,,,,,
97217,Camelia Court,2601 N Lombard St,,,,Home Forward,503-280-3750,14,,,14,,,,,,,,,,,,,
97236,Arbor Glen Apts,2609 SE 145th Ave,,,,Human Solutions,503-298-6025,96,,,4,52,40,,,,,,,,,,,
97236,Ivon Court,2629 SE 125th Ave,,,,Human Solutions,844-277-5320,8,,,,,,,,,,,,,,,,
97202,Howard House,2644 SE Powell Blvd,,,,Cascade Management Inc.,503-236-6468,12,,,12,,,,,,,,,,,,,
97236,Douglas Meadows,2645 SE 127th Ave,,,,Human Solutions,844-277-5320,8,,,,,6,2,,,,,,,,,,
97210,Upshur House,2650 NW Upshur St,,,,Cascade Management Inc.,503-226-3485,30,,,8,12,10,,,,,,,,,,,
97236,Demar Downs,2700 SE 148th Ave,,,,Home Forward,503-280-3810,18,,,,18,,,,,,,,,,,,
97217,Bukas Place,2705 N Killingsworth St,,,,UBA Building Services,503-289-6072,7,,,,6,1,,,,,,,,,,,
97266,Clinton Ridge Apts,2730 SE 92nd Ave,,,,Cascadia Behavioral Healthcare,503-963-7767,29,,,29,,,,,,,,,,,,,
97227,Caritas Plaza,2830 N Williams Ave,,,,Cascade Management Inc.,503-288-3186,30,,9,18,3,,,,,,,,,,,,
97236,Midland Commons,2830 SE 127th Ave,,,,Cascadia Behavioral Healthcare,503-963-7767,46,,9,32,5,,,,,,,,,,,,
97206,Peaceful Villa,2835 SE 47th Ave,,,,Home Forward,503-280-3750,69,,8,53,8,,,,,,,,,,,,
97217,Killingsworth Home,29th & Killingsworth,,,,Cascadia Behavioral Healthcare,503-232-6971,5,5,,,,,,,,,,,,,,,
97236,Townhouse Terrace,3001 SE 136th Ave,,,,Home Forward,503-280-3750,32,,,,20,12,,,,,,,,,,,
97212,Garlington Center,3024 NE Martin Luther King Jr Blvd,,,,Cascadia Behavioral Healthcare,,51,,6,40,5,,,,,,,,,,,,
97227,Kramer Apts,303 N Beach St,,,,Cascadia Behavioral Healthcare,503-232-6971,4,,,4,,,,,,,,,,,,,
97212,3033 NE Rodney,3033 NE Rodney Ave,,,,Mentor Oregon,503-258-2440,5,,,,5,,,,,,,,,,,,
97233,Station 162,304 SE 162nd Ave,,,,Quad Inc.,503-287-4260,43,,,41,2,,,,,,,,,,,,
97204,The Henry,309 SW Fourth Ave,,,,Central City Concern,503-525-8483,153,,,,,,,,,,,,,,,,
97209,Biltmore Hotel,310 NW 6th Ave,,,,Central City Concern,503-525-8483,75,75,,,,,,,,,,,,,,,
97209,Royal Palm,310 NW Flanders St,,,,Cascadia Behavioral Healthcare,503-827-3949,30,30,,,,,,,,,,,,,,,
97202,Beacon Manor,3123 SE 8th Ave,,,,REACH Community Development Inc.,503-235-9029,19,,11,8,,,,,,,,,,,,,
97219,Village at the Headwaters,3131 SW Marigold St,,,,Cascade Management Inc.,503-244-1544,56,,,35,21,,,,,,,,,,,,
97209,Fifth Avenue Place Apts,314 NW 5th Ave,,,,Pinnacle Realty Management,503-243-3311,70,,50,15,5,,,,,,,,,,,,
97236,Garden Park Estates,3140 SE 136th Ave,,,,Pacificap Management,503-762-2151,63,,,,62,1,,,,,,,,,,,
97217,Park Terrace,315 N Alberta St,,,,Cascade Management Inc.,503-282-6111,88,,,88,,,,,,,,,,,,,
97202,Kenilworth Park Plaza,3214 SE Holgate Blvd,,,,Oddfellows Holgate Center,503-872-1110,77,,20,57,,,,,,,,,,,,,
97209,Converse Court Apts,325 NW 18th Ave,,,,Circum Pacific Properties,503-241-2748,18,,,18,,,,,,,,,,,,,
97212,The Magnolia,3250 NE Martin Luther King Jr Blvd,,,,Income Property Management,503-282-1005,50,,,41,9,,,,,,,,,,,,
97236,Briarwood East,3302 SE 122nd Ave,,,,Human Solutions,503-298-6025,22,,,,7,15,,,,,,,,,,,
97209,Pacific Tower Apts,333 NW 4th Ave,,,,Pinnacle Realty Management,503-224-9393,156,,34,111,11,,,,,,,,,,,,
97204,333 Oak Apts,333 SW Oak St,,,,Cascade Management Inc.,503-227-2358,90,,72,18,,,,,,,,,,,,,
97214,The Belmont Dairy,3340 SE Morrison St,,,,Guardian Real Estate Services,503-235-4312,81,,,,,,,,,,,,,,,,
97209,Northwest Tower,335 NW 19th Ave,,,,Home Forward,503-280-3880,174,,63,81,27,3,,,,,,,,,,,
97212,Beatrice Morrow,3368 NE MLK Blvd,,,,PCRI,503-288-2923,80,,,,,,,,,,,,,,,,
97206,Haven House,3423 SE 69th Ave,,,,Cascade Management Inc.,503-236-6468,3,,,,,3,,,,,,,,,,,
97266,Kirkland Union Manor I,3530 SE 84th Ave,,,,Manor Management,503-777-8101,282,,99,182,1,,,,,,,,,,,,
97266,St Anthony's Village,3560 SE 79th Ave,,,,St Anthony Management,503-775-4414,126,,96,23,7,,,,,,,,,,,,
97230,Hazelwood Station,36 NE 147th Ave,,,,Affinity Property Management,503-257-8400,60,,,18,16,19,7,,,,,,,,,,
97202,Esperanza Court,3611 SE 28th Ave,,,,Cascade Management Inc.,503-236-6468,70,,,28,42,,,,,,,,,,,,
97202,Kateri Park,3640 SE 28th Ave,,,,Cascade Management Inc.,503-233-4701,50,,,8,8,24,10,,,,,,,,,,
97212,Beech Street,3650 NE Malloy St,,,,Income Property Management,503-223-6327,32,,,,,,,,,,,,,,,,
97230,PCRI Scattered Site Project,37 NE 127th Ave,,,,PCRI,503-288-2923,11,,,,,11,,,,,,,,,,,
97266,Eastport Apts,3709 SE 91st Ave,,,,ColumbiaCare Services Inc.,541-858-8170,7,,,,7,,,,,,,,,,,,
97212,Shaver Green,375 NE Shaver St,,,,Pinnacle Realty Management,503-282-2769,85,,,59,25,1,,,,,,,,,,,
97212,Maple Mallory,3800 NE Mallory Ave,,,,Home Forward,503.280.3750,48,,,24,24,,,,,,,,,,,,
97202,Caritas Sacred Heart Villa,3911 SE Milwaukie Ave,,,,Cascade Management Inc.,503-232-1466,68,,6,45,17,,,,,,,,,,,,
97202,Sacred Heart Villa,3911 SE Milwaukie Ave,,,,Cascade Management Inc.,503-232-1466,68,,6,45,17,,,,,,,,,,,,
97227,Betty Campbell Building,3917 N Mississippi Ave,,,,PCRI,503-288-2923,9,,9,,,,,,,,,,,,,,
97206,Kernlodge,3921 SE 69th Ave,,,,Cascadia Behavioral Healthcare,503-232-6971,5,5,,,,,,,,,,,,,,,
97227,L. Roy Gardens,3940 N Haight Ave,,,,Cascade Management Inc.,503-287-2162,18,,,7,7,4,,,,,,,,,,,
97227,Maya Angelou,4012 N Borthwick,,,,Cascade Management Inc.,503-493-1140,42,,,25,13,,4,,,,,,,,,,
97227,Albina Plaza,4012 N Borthwick Ave,,,,Cascade Management Inc.,503-493-1140,8,,,4,4,,,,,,,,,,,,
97266,Harold Lee Village,4023 SE 112th Ave,,,,Home Forward,503-280-3750,10,,,,,10,,,,,,,,,,,
97212,Albina Corner,409 NE San Rafael St,,,,REACH Community Development Inc.,503-281-7227,48,,,29,16,3,,,,,,,,,,,
97221,Fanno Creek,4105 SW Beaverton-Hillsdale Hwy,,,,Cascadia Behavioral Healthcare,503-228-0373,24,,,24,,,,,,,,,,,,,
97203,Tamarack Apts,4111 N Alaska St,,,,Home Forward,503-280-3750,118,,,48,60,10,,,,,,,,,,,
97202,Richmond Place,4147 SE Division St,,,,Impact Northwest,503-988-6000,20,20,,,,,,,,,,,,,,,
97204,Hotel Alder,415 SW Alder St,,,,Central City Concern,503-525-8483,99,99,,,,,,,,,,,,,,,
97214,Grand Oak,418 SE Grand Ave,,,,REACH Community Development Inc.,503-235-2941,42,,3,39,,,,,,,,,,,,,
97214,The Wilshire,420 SE Grand Ave,,,,REACH Community Development Inc.,503-235-2941,42,,,42,,,,,,,,,,,,,
97202,Cora Park Apts,4207 SE 37th Ave,,,,Home Forward,503-280-3750,10,,,,6,4,,,,,,,,,,,
97209,Roselyn Apts,424 NW 21st Ave,,,,Cascade Management Inc.,503-288-4220,31,,30,1,,,,,,,,,,,,,
97232,Buckman Heights,430 NE 16th Ave,,,,Summit Real Estate,503-232-4040,144,,60,64,20,,,,,,,,,,,,
97211,McCoy Village,4310 NE Martin Luther King Jr Blvd,,,,Cascade Management Inc.,503-280-1381,55,,,10,20,15,10,,,,,,,,,,
97266,Holgate Plaza,4333 SE 104th Ave,,,,PHC Northwest,503-760-1998,48,,8,40,,,,,,,,,,,,,
97213,Hollywood East,4400 NE Broadway,,,,Home Forward,503-280-3770,286,,269,13,4,,,,,,,,,,,,
97233,Stark Street Villa,450 SE 127th Ave,,,,Cascade Management Inc.,503-256-6275,60,,,36,24,,,,,,,,,,,,
97230,Green Leaf Springs,4545 NE 125th Pl,,,,Green Leaf Partners,888-846-6130,8,,,8,,,,,,,,,,,,,
97202,Holgate House,4601 SE Cesar E Chavez Blvd,,,,Home Forward,503-280-3750,80,,,80,,,,,,,,,,,,,
97203,New Columbia,4605 N Trenton St,,,,Income Property Management,503-943-5600,539,,,97,192,132,118,,,,,,,,,,
97220,Celilo Court,4605 NE 95th Ave,,,,Home Forward,503-280-3750,28,,,,17,11,,,,,,,,,,,
97217,Safehaven Shelter,4610 N Maryland Ave,,,,YWCA of Greater Portland,503-535-3270,13,10,,,3,,,,,,,,,,,,
97217,Patton Home,4619 N Michigan Ave,,,,Income Property Management,503-281-1844,63,63,,,,,,,,,,,,,,,
97236,Leander Court Apts,4620 SE 122nd Ave,,,,Cascade Management Inc.,503-761-0016,37,,,,3,27,7,,,,,,,,,,
97220,Columbia View,4629 NE 118th Ave,,,,Human Solutions,844-233-3197,7,,,,,7,,,,,,,,,,,
97239,Slavin Court,4702 SW Slavin Rd,,,,Home Forward,503-280-3750,24,,,,18,6,,,,,,,,,,,
97217,Family Scattered Site Project,4716 N Mississippi,,,,PCRI,503-288-2923,30,,,,,16,14,,,,,,,,,,
97203,Trenton Terrace,4720 N Trenton St,,,,Income Property Management,503-283-0966,66,,,65,1,,,,,,,,,,,,
97211,Wygant Street Apts,4808 NE 8th Ave,,,,PCRI,503-288-2923,7,,,,7,,,,,,,,,,,,
97236,Fir Grove Apts,4820 SE 122nd Ave,,,,REACH Community Development Inc.,503-760-0907,30,,,30,,,,,,,,,,,,,
97211,Grand Avenue Duplexes,4936 NE 10th Ave,,,,Infinity Property Management,503-693-6300,3,,,,3,,,,,,,,,,,,
97211,St Francis Place,4941 NE 10th Ave,,,,PCRI,503-288-2923,3,,,3,,,,,,,,,,,,,
97132,Garlington Plaza,501 NE Albert St,,,,Cascadia Behavioral Healthcare,503-283-3763,5,5,,,,,,,,,,,,,,,
97211,Alberta St Apts,5010 NE 19th Ave,,,,Cascade Management Inc.,503-281-7131,24,,8,16,,,,,,,,,,,,,
97218,Villa de Mariposa,5020 NE Killingsworth St,,,,Cascade Management Inc.,503-493-1315,71,,,,9,35,27,,,,,,,,,,
97211,Avenue Plaza,5025 NE 8th Ave,,,,Cascade Management Inc.,503-281-7131,22,,4,18,,,,,,,,,,,,,
97217,Humboldt Gardens,5033 N Vancouver Ave,,,,Home Forward,503-280-3850,130,,,62,46,15,7,,,,,,,,,,
97209,Medford Apts,506 NW 5th Ave,,,,Central City Concern,503-525-8483,62,,62,,,,,,,,,,,,,,
97220,Gateway Park Apts,510 NE 100th Ave,,,,Income Property Management,503-252-1162,144,,,60,48,36,,,,,,,,,,,
97218,Carol Ann Apts,5109 NE Killingsworth St,,,,WCR Co Inc.,503-282-4696,60,,32,28,,,,,,,,,,,,,
97206,Nawikka Court Apts,5110 SE 76th Ave,,,,Cascadia Behavioral Healthcare,503-774-4335,16,,,15,1,,,,,,,,,,,,
97206,Tillicum Court Apts,5135 SE 73rd Ave,,,,Cascadia Behavioral Healthcare,"503-238-0769,",16,,3,12,1,,,,,,,,,,,,
97212,M Carter Plaza,517 NE Sacramento,,,,Cascade Management Inc.,503-287-2162,56,,14,29,13,,,,,,,,,,,,
97266,NAYA Generations,5205 SE 86th Ave,,,,Guardian Real Estate Services,503-802-3600,40,,,22,8,4,6,,,,,,,,,,
97217,Cambridge Court,5224 N Vancouver Ave,,,,Central City Concern,503-525-8483,20,,,,20,,,,,,,,,,,,
97205,Alder House,523 SW 13th Ave,,,,Income Property Management,503-222-1182,132,131,,1,,,,,,,,,,,,,
97218,Carlton Court,5241 NE Killingsworth St,,,,Home Forward,503-280-3750,24,,,,14,10,,,,,,,,,,,
97214,The Clifford,527 SE Morrison St,,,,Cascade Management Inc.,503-232-5460,90,34,56,,,,,,,,,,,,,,
97217,Patton Park Apts,5272 N Interstate Ave,,,,REACH Community Development Inc.,971-255-4444,47,,2,31,3,11,,,,,,,,,,,
97211,Walnut Park Apts,5272 NE 6th Ave,,,,REACH Community Development Inc.,503-282-7449,38,,,38,,,,,,,,,,,,,
97211,Emerson Corner,5305 NE 11th Ave,,,,Cascadia Behavioral Healthcare,503-963-7767,5,5,,,,,,,,,,,,,,,
97211,Emerson Plaza,5312 NE 13th Ave,,,,Cascade Management Inc.,503-281-7131,16,,8,8,,,,,,,,,,,,,
97209,Sally McCracken,532 NW Everett St,,,,Central City Concern,503-525-8483,95,95,,,,,,,,,,,,,,,
97211,Estates Plaza,5421 NE 14th Pl,,,,Cascade Management Inc.,503-281-7131,9,,2,5,2,,,,,,,,,,,,
97212,Endelea Court,5507 NE 27th Ave,,,,Sabin Community Development Corp.,503-287-3496,26,,,,13,13,,,,,,,,,,,
97213,Emilie House,5520 NE Glisan,,,,Providence Supportive Housing,503-236-9779,40,,,,,,,,,,,,,,,,
97218,Los Jardines de la Paz,5530 NE 60th Ave,,,,Cascade Management Inc.,503-335-9603,43,,,,,27,16,,,,,,,,,,
97220,Glisan Commons,555 NE 100th Ave,,,,Human Solutions,844-236-0592,67,,4,63,,,,,,,,,,,,,
97217,Cascadian Terrace,5700 N Kerby Ave,,,,Guardian Real Estate Services,503-283-3541,102,,86,15,1,,,,,,,,,,,,
97218,Good Shepherd,5717 NE Simpson St,,,,Good Shepherd Lutheran Home of the West,559-791-2028,5,,5,,,,,,,,,,,,,,
97218,Sunrise Place,5724 NE Prescott St,,,,Central City Concern,503-525-8483,10,,,9,1,,,,,,,,,,,,
97218,Prescott Terrace,5725 NE Prescott St,,,,Cascadia Behavioral Healthcare,503-232-6971,50,,,,,,,,,,,,,,,,
97213,The Commons,5800 NE Center Commons Wy,,,,Steadfast Management,503-231-7777,172,,,148,24,,,,,,,,,,,,
97217,Plaza Townhomes,5802 N Michigan Ave,,,,Home Forward,503-280-3860,68,,,,34,34,,,,,,,,,,,
97218,Prescott Place,5802 NE Prescott St,,,,REACH Community Development Inc.,503-288-4487,20,,,20,,,,,,,,,,,,,
97266,Woody Guthrie,5808 SE 91st,,,,Rose Community Development Corp.,503-777-8845,64,,,,,,,,,,,,,,,,
97213,Center Village,5845 NE Hoyt St,,,,Steadfast Management,503-231-7777,60,,,,32,26,2,,,,,,,,,,
97215,Providence House,5921 E Burnside,,,,Providence Supportive Housing,503-215-2234,39,,,,,,,,,,,,,,,,
97217,Rosemont Court,597 North Dekum St,,,,Income Property Management,503-240-8087,100,,8,88,4,,,,,,,,,,,,
97221,Ruth Haefner Plaza,6005 SW Beaverton-Hillsdale Hwy,,,,Home Forward,503-280-3750,73,,,73,,,,,,,,,,,,,
97220,Gilman Court,610 NE 99th,,,,REACH Community Development Inc.,971-277-7196,60,,,60,,,,,,,,,,,,,
97209,Butte Hotel,610 NW Davis St,,,,Central City Concern,503-525-8384,37,37,,,,,,,,,,,,,,,
97266,Lents Court,6102 SE 86th Ave,,,,Cascadia Behavioral Healthcare,503-232-6971,5,5,,,,,,,,,,,,,,,
97266,93rd Avenue,6119 SE 93rd Ave,,,,Rose Community Development Corp.,503-777-8845,20,,,,10,10,,,,,,,,,,,
97233,Greenview Terrace,620 SE 148th Ave,,,,Cascade Management Inc.,503-254-5826,31,,,20,11,,,,,,,,,,,,
97217,Rosemont Townhomes,621 N Saratoga St,,,,Income Property Management,503-240-8087,18,,,,4,12,2,,,,,,,,,,
97205,Morrison Park Apts,623 SW Park Ave,,,,Income Property Management,503-221-0466,60,,48,6,6,,,,,,,,,,,,
97203,Queahpama Heights,6244 N Columbia Way,,,,Low Income Housing for Native Americans,503-247-7222,32,,,14,18,,,,,,,,,,,,
97212,A. Phillips Square,626 NE Brazee,,,,Cascade Management Inc.,503-287-2162,18,,8,10,,,,,,,,,,,,,
97239,The Watershed,6388 SW Capitol Hwy,,,,Income Property Management,503-452-0010,51,,,48,3,,,,,,,,,,,,
97060,Troutdale Terrace Apts,639 SW 257th Ave,,,,Quantum Residential,503-618-1876,228,,,24,152,52,,,,,,,,,,,
97202,Westmoreland Union Manor,6404 SE 23rd Ave,,,,Manor Management,503-233-5671,301,,210,90,1,,,,,,,,,,,,
97266,Woodstock Court,6428 SE 97th Ave,,,,Cascadia Behavioral Healthcare,503-232-6971,9,,8,1,,,,,,,,,,,,,
97236,Springwater Commons,6430 SE 128th Ave,,,,Guardian Real Estate Services,503-762-4688,36,,,,,13,23,,,,,,,,,,
97233,Marla Manor,644 SE 148th Ave,,,,Cascade Management Inc.,503-254-5826,25,,,19,6,,,,,,,,,,,,
97218,Villa de Suenos,6444 NE Killingsworth St,,,,Cascade Management Inc.,503-284-3985,28,,,,,14,14,,,,,,,,,,
97233,Springtree Apts,650 SE 162nd Ave,,,,Pacificap Management,503-253-1476,72,,,20,52,,,,,,,,,,,,
97209,Bud Clark Commons,655 NW Hoyt St,,,,Home Forward,503-280-4002,130,,130,,,,,,,,,,,,,,
97239,Turning Point,6552 SW 19th Ave,,,,Neighborhood House Portland,503-246-1663,24,,,24,,,,,,,,,,,,,
97211,Alberta Simmons Plaza,6611 NE Martin Luther King Jr Blvd,,,,Manor Management,503-240-4198,74,,,73,1,,,,,,,,,,,,
97211,Martin Luther King Manor,6620 NE 6th Ave,,,,Cascadia Behavioral Healthcare,503-286-4005,16,,,15,1,,,,,,,,,,,,
97203,Minerva Plaza,6633 N Oberlin St,,,,PHC Northwest,503-285-1070,15,,2,13,,,,,,,,,,,,,
97218,Villa de Clara Vista,6706 NE Killingsworth St,,,,Cascade Management Inc.,503-284-3985,133,,,50,72,8,3,,,,,,,,,,
97219,Stephens Creek Crossing,6719 SW 26th Ave,,,,Home Forward,503-280-3830,124,,,19,21,79,5,,,,,,,,,,
97206,Country Squire,6724 SE 72nd Ave,,,,Cascade Management Inc.,503-774-3893,32,,,8,16,8,,,,,,,,,,,
97203,Bridgeview Apts,6816 N Trumbull Ave,,,,Cascade Management Inc.,503-929-5924,13,,,13,,,,,,,,,,,,,
97217,Interstate Crossing,6847 N Interstate Ave,,,,Central City Concern,503-525-8483,12,,,,12,,,,,,,,,,,,
97217,Charlotte B Rutherford Place,6905 N Interstate,,,,Central City Concern,503-525-8483,51,,,34,17,,,,,,,,,,,,
97218,Villa de Rosas,6939 NE Killingsworth St,,,,Cascade Management Inc.,503-284-3985,26,,,10,16,,,,,,,,,,,,
97218,West Gresham Apts,6939 NE Killingsworth St,,,,Cascadia Behavioral Healthcare,503-238-0769,27,,,24,3,,,,,,,,,,,,
97212,Dekum Court,7003 NE 27th Ave,,,,Home Forward,503-280-3750,40,,,,16,24,,,,,,,,,,,
97227,Lydia Roy Gardens,705 N Fremont St,,,,Cascade Management Inc.,503-287-2162,18,,,7,7,4,,,,,,,,,,,
97209,Golden West,707 NW Everett,,,,Central City Concern,503-525-8483,68,,,,,,,,,,,,,,,,
97206,72nd & Foster,7104 SE Foster,,,,REACH Community Development Inc.,503-226-9181,101,,,,,,,,,,,,,,,,
97205,Uptown Tower,712 SW St Clair Ave,,,,Guardian Real Estate Services,503-248-9645,71,,,71,,,,,,,,,,,,,
97206,Marwood Plaza,7200 SE Woodstock Blvd,,,,PHC Northwest,503-408-6555,40,,8,32,,,,,,,,,,,,,
97205,Park Tower Apts,731 SW Salmon St,,,,Harsch Investment Corp.,503-227-3367,162,,140,22,,,,,,,,,,,,,
97205,Stadium Station,737 SW 17th Ave,,,,EPMI,503-916-4818,114,,54,56,4,,,,,,,,,,,,
97206,Jim & Salle's Place,7531 SE Steele St,,,,Cascade Management Inc.,503-761-0016,17,,,5,12,,,,,,,,,,,,
97203,Nelson Court,7622 N Gloucester,,,,Income Property Management,503-247-7222,7,,,2,5,,,,,,,,,,,,
97203,Tistalal Village,7622 N Gloucester St,,,,Income Property Management,503-247-7222,34,,,,34,,,,,,,,,,,,
97203,Ceel Ocks,7622 N Glouchester St,,,,Income Property Management,503-247-7222,4,,,,,4,,,,,,,,,,,
97215,Melissa Anne Apts,7660 E Burnside St,,,,Richard Gustafson,503-256-1562,20,,,,12,8,,,,,,,,,,,
97206,Marysville,7704 SE Raymond,,,,Rose Community Development Corp.,503-777-8845,5,,,,,,,,,,,,,,,,
97206,Summer Run Apts,7810 SE Foster Rd,,,,Manor Management,503-774-8885,50,,14,36,,,,,,,,,,,,,
97217,Winchell Court,7850 N Interstate Ave,,,,Home Forward,503-280-3750,10,,,8,2,,,,,,,,,,,,
97206,Lexington Court,7860 SE 72nd Ave,,,,Home Forward,503-280-3900,20,,,,12,8,,,,,,,,,,,
97266,Bellrose Station,7901 SE 92nd Ave,,,,Cascade Management Inc.,503-771-3808,40,,,,31,9,,,,,,,,,,,
97206,La Hacienda Apartments,7906 SE 72nd Ave,,,,PHC Northwest,503-261-1266,38,,1,1,35,1,,,,,,,,,,,
97219,Second Wind Apts,7927 SW 31st Ave,,,,Harold Buell,503-222-4122,20,,,12,6,2,,,,,,,,,,,
97206,Johnson Creek Commons,7940 SE 72nd Ave,,,,Cascade Management Inc.,503-774-3893,15,,,1,14,,,,,,,,,,,,
97209,Richard L. Harris Building,8 NW 8th Ave,,,,Central City Concern,503-525-8483,180,,180,,,,,,,,,,,,,,
97206,Woodmere Commons,8002 SE Duke St,,,,Rose Community Development Corp.,503-777-8845,4,,,,,,,,,,,,,,,,
97206,Firland Apts,8012 SE Raymond St,,,,Cascade Management Inc.,503-761-0016,19,,,2,17,,,,,,,,,,,,
97202,Tea Link,8028 SE 7th Ave,,,,Dungarvin Oregon LLC,,6,6,,,,,,,,,,,,,,,
97214,Laurelhurst Apts,804 SE Cesar E Chavez Blvd,,,,REACH Community Development Inc.,503-230-8918,23,,,23,,,,,,,,,,,,,
97206,Taggart Manor,8066 SE Taggart St,,,,Central City Concern,503-525-8483,24,,,24,,,,,,,,,,,,,
97206,Orchard of 82nd,8118 SE Division St,,,,Rose Community Development Corp.,503-777-8845,48,,,,,,,,,,,,,,,,
97220,Broadway Vantage,8238 NE Broadway,,,,Income Property Management,503-252-3136,58,,2,10,30,12,4,,,,,,,,,,
97220,Columbia Knoll,8320 NE Sandy Blvd,,,,Legacy Senior Living LLC,503-433-3645,362,,,183,143,36,,,,,,,,,,,
97217,Fenwick Apts,8428 N Fenwick Ave,,,,Income Property Management,503-335-3330,27,,,8,10,9,,,,,,,,,,,
97219,Tryon Mews,8453 SW 30th Ave,,,,Cascadia Behavioral Healthcare,503-238-0769,20,,,19,1,,,,,,,,,,,,
97219,Hewitt Townhouses,846 SW 29th Wy,,,,Income Property Management,503-667-9902,44,,,1,,43,,,,,,,,,,,
97209,Kearney House,850 NW 20th Ave,,,,Cambridge Real Estate Services,503-450-0230,32,,,,7,25,,,,,,,,,,,
97203,Cathedral Gardens,8510 N Swift Way,,,,Cascade Gardens Partners,503-286-8652,98,,,,52,46,,,,,,,,,,,
97203,St Johns Woods,8652 N Swift Way,,,,EPI Property Management,503-286-8652,124,,,26,52,46,,,,,,,,,,,
97203,New Meadows,8710 N Dana Ave,,,,Bridge Meadows,503-953-1100,15,,10,5,,,,,,,,,,,,,
97266,Lafayette Court Apts,8728 SE Lafayette St,,,,Cascadia Behavioral Healthcare,503-963-7767,5,5,,,,,,,,,,,,,,,
97203,Pier Park Apts,8734 N Columbia Blvd,,,,Steadfast Management,503-283-7747,164,,,44,88,32,,,,,,,,,,,
97203,St Johns Apts,8803 N Lombard St,,,,Income Property Management,503-223-6327,38,,,18,12,8,,,,,,,,,,,
97203,Schrunk Riverview Tower,8832 N Syracuse St,,,,Home Forward,503-280-3750,118,,,118,,,,,,,,,,,,,
97203,Ridgecrest Timbers Apts,8870 N Columbia Blvd,,,,GSL Properties,503-286-0102,97,,,21,51,25,,,,,,,,,,,
97203,Miraflores,8901 N Newell Ave,,,,Cascade Management Inc.,503-289-4802,32,,,,12,16,4,,,,,,,,,,
97266,Reedway Place,8940 SE Reedway St,,,,Rose Community Development Corp.,503-777-8845,24,,,,,,,,,,,,,,,,
97209,Erickson-Fritz Apts,9 NW 2nd Ave,,,,Income Property Management,503-223-6327,62,,39,23,,,,,,,,,,,,,
97233,Candalaria Plaza,901 SE 162nd Ave,,,,PHC Northwest,503-261-1266,32,,,8,16,8,,,,,,,,,,,
97203,Central Chalet Apts,9020 N Central St,,,,PHC Northwest,503-285-1070,20,,,11,9,,,,,,,,,,,,
97205,Admiral Apts,910 SW Park Ave,,,,REACH Community Development Inc.,503-546-9191,37,,14,23,,,,,,,,,,,,,
97266,Lents Commons,9101 SE Foster,,,,Income Property Management,503-702-9075,54,,3,36,6,9,,,,,,,,,,,
97220,Multnomah Manor,9110 NE Hassalo St,,,,Quantum Residential,503-253-6351,53,,,24,17,12,,,,,,,,,,,
97223,Oleson Woods Apts,9140 SW 91st Ave,,,,Income Property Management,503-245-6990,32,,,4,,21,7,,,,,,,,,,
97212,Dahlke Manor,915 NE Schuyler St,,,,Home Forward,503-280-3750,115,,,115,,,,,,,,,,,,,
97209,Pearl Court Apts,920 NW Kearney St,,,,Income Property Management,503-222-1999,199,,112,59,28,,,,,,,,,,,,
97205,Fountain Place,929 SW Salmon St,,,,Cascade Management Inc.,503-223-9300,70,,52,15,3,,,,,,,,,,,,
97266,Beyer Court,9305 SE Harold St,,,,Cascade Management Inc.,503-777-8845,14,,,,14,,,,,,,,,,,,
97266,Schiller Way,9326 SE Schiller St,,,,Quantum Residential,503-760-3005,24,,,,12,8,4,,,,,,,,,,
97209,The Yards,945 NW Naito Parkway,,,,Income Property Management,971-255-1654,129,,129,,,,,,,,,,,,,,
97266,Kah San Chako Haws,9707 SE Holgate Blvd,,,,Guardian Real Estate Services,503-943-5849,9,,3,3,3,,,,,,,,,,,,
97233,D Street Salal Apartments,SE 171st Ave and SE Division,,,,PHC Northwest,503-261-1266,78,,12,24,42,,,,,,,,,,,,